{"stat.flyOneCm":145854,"stat.useItem.jarm.oak_raft":1,"stat.walkOneCm":11504,"stat.drop":3,"stat.boatOneCm":2023,"stat.jump":175,"stat.useItem.openmodularturrets.rocket_turret":2,"stat.swimOneCm":1435,"stat.playOneMinute":11832,"stat.useItem.minecraft.planks":35,"stat.drop.openmodularturrets.ammo_meta":192,"stat.leaveGame":1,"stat.sneakTime":182,"stat.pickup.openmodularturrets.addon_meta":8,"stat.pickup.openmodularturrets.ammo_meta":2046,"stat.damageDealt":40,"stat.crouchOneCm":126,"stat.timeSinceDeath":11832,"stat.sprintOneCm":18845,"stat.useItem.minecraft.stone_slab2":10,"stat.useItem.minecraft.spawn_egg":28,"stat.pickup.minecraft.gold_nugget":1,"stat.diveOneCm":315}